[{"file": "sound.test.wav", "key": "sound.test"}, {"file": "sound.egg.wav", "key": "sound.egg"}, {"file": "away_activated.wav", "key": "away_activated"}, {"file": "away_deactivated.wav", "key": "away_deactivated"}, {"file": "connection.connected.wav", "key": "connection.connected"}, {"file": "connection.disconnected.wav", "key": "connection.disconnected"}, {"file": "connection.disconnected.timeout.wav", "key": "connection.disconnected.timeout"}, {"file": "connection.refused.wav", "key": "connection.refused"}, {"file": "connection.banned.wav", "key": "connection.banned"}, {"file": "server.edited.wav", "key": "server.edited"}, {"file": "server.edited.self.wav", "key": "server.edited.self"}, {"file": "server.kicked.wav", "key": "server.kicked"}, {"file": "channel.kicked.wav", "key": "channel.kicked"}, {"file": "channel.moved.wav", "key": "channel.moved"}, {"file": "channel.joined.wav", "key": "channel.joined"}, {"file": "channel.created.wav", "key": "channel.created"}, {"file": "channel.edited.wav", "key": "channel.edited"}, {"file": "channel.edited.self.wav", "key": "channel.edited.self"}, {"file": "channel.deleted.wav", "key": "channel.deleted"}, {"file": "user.moved.wav", "key": "user.moved"}, {"file": "user.moved.self.wav", "key": "user.moved.self"}, {"file": "user.poked.self.wav", "key": "user.poked.self"}, {"file": "user.banned.wav", "key": "user.banned"}, {"file": "user.joined.wav", "key": "user.joined"}, {"file": "user.joined.moved.wav", "key": "user.joined.moved"}, {"file": "user.joined.kicked.wav", "key": "user.joined.kicked"}, {"file": "user.joined.connect.wav", "key": "user.joined.connect"}, {"file": "user.left.wav", "key": "user.left"}, {"file": "user.left.kicked.channel.wav", "key": "user.left.kicked.channel"}, {"file": "user.left.kicked.server.wav", "key": "user.left.kicked.server"}, {"file": "user.left.moved.wav", "key": "user.left.moved"}, {"file": "user.left.disconnect.wav", "key": "user.left.disconnect"}, {"file": "user.left.banned.wav", "key": "user.left.banned"}, {"file": "error.insufficient_permissions.wav", "key": "error.insufficient_permissions"}, {"file": "group.server.assigned.wav", "key": "group.server.assigned"}, {"file": "group.server.revoked.wav", "key": "group.server.revoked"}, {"file": "group.channel.changed.wav", "key": "group.channel.changed"}, {"file": "group.server.assigned.self.wav", "key": "group.server.assigned.self"}, {"file": "group.server.revoked.self.wav", "key": "group.server.revoked.self"}, {"file": "group.channel.changed.self.wav", "key": "group.channel.changed.self"}]